csúcsid;alcsúcsid;kapcsolat
m1;0;m1,m24,m25,m63,m70,m86,m219,m264,m283,m321,m342,m501,m760,m761,m1019,m1020,m1046,m320,m1015,m1016,m1030,m1031,m1032,m82,m97,m1064,m714,m1011,m1021,m1023,m1047,m1062,m1065,m1068,m1069,m81,m1008,m1048,m1033,m79,m80,m98,m201,m83,m265,m1039,m1051,m1052,m2001,m1066,m1012,m1022,m1037,m1049,m1014,m1038,m1050,m1054,m2002,m1041,
m1;1;m1,m24,m25,m63,m70,m86,m219,m264,m283,m321,m342,m501,m760,m761,m1019,m1020,m1046,m320,m1015,m1016,m1030,m1031,m1032,m82,m97,m1064,m714,m1011,m1021,m1023,m1047,m1062,m1065,m1068,m1069,m81,m1008,m1048,m1033,m79,m80,m98,m201,m83,m265,m1039,m1051,m1052,m2001,m1066,m1012,m1022,m1037,m1049,m1014,m1038,m1050,m1054,m2002,m1041,
m1;2;m1,m24,m25,m63,m70,m86,m219,m264,m283,m321,m342,m501,m760,m761,m1019,m1020,m1046,m320,m1015,m1016,m1030,m1031,m1032,m82,m97,m1064,m714,m1011,m1021,m1023,m1047,m1062,m1065,m1068,m1069,m81,m1008,m1048,m1033,m79,m80,m98,m201,m83,m265,m1039,m1051,m1052,m2001,m1066,m1012,m1022,m1037,m1049,m1014,m1038,m1050,m1054,m2002,m1041,
m2;0;m2,m24,m25,m84,m97,m217,m264,m270,m321,m502,m564,m760,m1004,m1007,m1055,m1057,m1058,m1072,m2001,m2117,m320,m1015,m1016,m1030,m1031,m1032,m98,m201,m714,m2002,m1033,
m3;0;m3,m28,m279,m287,m289,m290,m503,m85,m97,m282,m1025,m714,m98,m201,m78,m1011,m1016,m1063,m317,m81,m83,m265,m1039,m1048,m1051,m1052,m2001,m1033,m1015,m79,m80,m1014,m1023,m1038,m1047,m1050,m1054,m1049,m2002,m320,
m4;0;m4,m28,m280,m281,m504,m565,m85,m97,m282,m1025,m266,m283,m761,m714,m98,m201,m78,m1011,m1016,m1063,m264,m760,m1064,m317,m81,m83,m265,m1039,m1048,m1051,m1052,m2001,m1033,m1015,m79,m80,m1014,m1023,m1038,m1047,m1050,m1054,m1049,m2002,m320,
m5;0;m5,m86,m97,m279,m284,m286,m287,m505,m1019,m1069,m98,m201,m285,m714,m1011,m1016,m1021,m1023,m1047,m1062,m1065,m1068,m219,m81,m83,m265,m1039,m1048,m1051,m1052,m2001,m1033,m1066,m79,m80,m1015,m1014,m1038,m1050,m1054,m1049,m2002,m320,
m6;0;m6,m24,m25,m81,m300,m304,m305,m306,m307,m310,m311,m312,m313,m321,m386,m415,m506,m1012,m1014,m1016,m1021,m1042,m1048,m2001,m320,m1015,m1030,m1031,m1032,m79,m80,m714,m1033,m1049,m2002,
m6;1;m6,m24,m25,m81,m300,m304,m305,m306,m307,m310,m311,m312,m313,m321,m386,m415,m506,m1012,m1014,m1016,m1021,m1042,m1048,m2001,m320,m1015,m1030,m1031,m1032,m79,m80,m714,m1033,m1049,m2002,
m6;2;m6,m24,m25,m81,m300,m304,m305,m306,m307,m310,m311,m312,m313,m321,m386,m415,m506,m1012,m1014,m1016,m1021,m1042,m1048,m2001,m320,m1015,m1030,m1031,m1032,m79,m80,m714,m1033,m1049,m2002,
m7;0;m7,m24,m25,m32,m308,m309,m314,m315,m321,m507,m687,m689,m1010,m1028,m1029,m2002,m320,m1015,m1016,m1030,m1031,m1032,m77,m217,m1001,m1021,m1056,m714,m78,m83,m265,m1012,m1018,m1022,m1036,m1048,m1051,m1052,m1053,m1062,m1065,m1060,m1063,m1064,m1068,m1033,m99,m1006,m1014,m317,m1023,m1038,m1047,m1050,m1054,m1049,m1066,m1042,
m8;0;m8,m32,m508,m689,m1010,m1028,m1029,m2002,m77,m217,m1001,m1016,m1021,m1056,m714,m78,m83,m265,m1012,m1018,m1022,m1036,m1048,m1051,m1052,m1053,m1062,m1065,m1060,m1063,m1064,m1068,m99,m1006,m1014,m1033,m317,m1023,m1038,m1047,m1050,m1054,m1049,m1066,m1015,m1042,m320,
m9;0;m9,m25,m509,m1036,m1053,m1032,m714,
m9;1;m9,m25,m509,m1036,m1053,m1032,m714,
m9;2;m9,m25,m509,m1036,m1053,m1032,m714,
m10;0;m10,m24,m25,m29,m321,m510,m1024,m1045,m1067,m1070,m320,m1015,m1016,m1030,m1031,m1032,m30,m714,m2002,m78,m81,m265,m1008,m1018,m1048,m1063,m1064,m1065,m1062,m1033,m530,m1027,m317,m79,m80,m1012,m1021,m1022,m1037,m1049,m1066,m83,m1041,m1051,m1052,m1014,m1023,m1038,m1047,m1050,m1054,
m11;0;m11,m46,m446,m546,m1020,m25,m29,m714,m81,m1008,m1048,m1032,m30,m79,m80,m1015,m1012,m1021,m1022,m1037,m1049,m530,m1027,m2002,m320,m83,m1041,m1051,m1052,m1014,m1023,m1038,m1047,m1050,m1054,m1016,m1033,
m12;0;m12,m30,m1027,m530,m2002,m81,m1008,m1048,m714,m79,m80,m1015,m1012,m1021,m1022,m1037,m1049,m320,m83,m1041,m1051,m1052,m1014,m1023,m1038,m1047,m1050,m1054,m1016,m1033,
m13;0;m13,m48,m448,m548,m1026,m29,m714,m1008,m1048,m30,m1012,m1021,m1022,m1037,m1049,m530,m1027,m2002,m83,m1041,m1051,m1052,m81,m1014,m1023,m1038,m1047,m1050,m1054,m79,m80,m1015,m1016,m320,m1033,
m14;0;m14,m293,m514,m1009,m1034,m1035,m1059,m1071,m1063,m1064,m714,m82,m83,m214,m901,m1012,m1021,m1022,m1048,m1051,m1052,m1043,m1044,m1062,m1065,m1068,m79,m80,m1014,m1023,m1038,m1047,m1050,m1054,m216,m1049,m1066,m320,m1016,m209,m1015,m1033,
m15;0;m15,m23,m1002,m1016,m1001,m1021,m1039,m1033,m1006,m1014,m1012,m1042,m1049,m1050,m1051,m1052,m1054,
m15;1;m15,m23,m1002,m1016,m1001,m1021,m1039,m1033,m1006,m1014,m1012,m1042,m1049,m1050,m1051,m1052,m1054,
m15;2;m15,m23,m1002,m1016,m1001,m1021,m1039,m1033,m1006,m1014,m1012,m1042,m1049,m1050,m1051,m1052,m1054,
m16;0;m16,m1002,m1016,m1001,m1021,m1039,m1033,m1006,m1014,m1012,m1042,m1049,m1050,m1051,m1052,m1054,
m16;1;m16,m1002,m1016,m1001,m1021,m1039,m1033,m1006,m1014,m1012,m1042,m1049,m1050,m1051,m1052,m1054,
m16;2;m16,m1002,m1016,m1001,m1021,m1039,m1033,m1006,m1014,m1012,m1042,m1049,m1050,m1051,m1052,m1054,
m17;0;m17,m1002,m1016,m1001,m1021,m1039,m1033,m1006,m1014,m1012,m1042,m1049,m1050,m1051,m1052,m1054,
m17;1;m17,m1002,m1016,m1001,m1021,m1039,m1033,m1006,m1014,m1012,m1042,m1049,m1050,m1051,m1052,m1054,
m17;2;m17,m1002,m1016,m1001,m1021,m1039,m1033,m1006,m1014,m1012,m1042,m1049,m1050,m1051,m1052,m1054,
m18;0;m18,m76,m201,m204,m205,m206,m214,m217,m901,m1003,m1005,m1015,m1016,m1021,m1022,m1039,m1056,m2001,m2002,m99,m216,m1006,m1023,m1033,m209,m1012,m1042,m1049,m1050,m1051,m1052,m1054,
m18;1;m18,m76,m201,m204,m205,m206,m214,m217,m901,m1003,m1005,m1015,m1016,m1021,m1022,m1039,m1056,m2001,m2002,m99,m216,m1006,m1023,m1033,m209,m1012,m1042,m1049,m1050,m1051,m1052,m1054,
m18;2;m18,m76,m201,m204,m205,m206,m214,m217,m901,m1003,m1005,m1015,m1016,m1021,m1022,m1039,m1056,m2001,m2002,m99,m216,m1006,m1023,m1033,m209,m1012,m1042,m1049,m1050,m1051,m1052,m1054,
m19;0;m19,m76,m201,m204,m205,m206,m214,m217,m901,m1003,m1005,m1015,m1016,m1021,m1022,m1039,m99,m216,m1006,m1023,m1033,m209,m1012,m1042,m1049,m1050,m1051,m1052,m1054,
m19;1;m19,m76,m201,m204,m205,m206,m214,m217,m901,m1003,m1005,m1015,m1016,m1021,m1022,m1039,m99,m216,m1006,m1023,m1033,m209,m1012,m1042,m1049,m1050,m1051,m1052,m1054,
m19;2;m19,m76,m201,m204,m205,m206,m214,m217,m901,m1003,m1005,m1015,m1016,m1021,m1022,m1039,m99,m216,m1006,m1023,m1033,m209,m1012,m1042,m1049,m1050,m1051,m1052,m1054,
m20;0;m20,m33,m1003,m1022,m1041,m533,m1056,m1006,m1023,m714,m1012,m1042,m1049,m1050,m1051,m1052,m1054,m1016,m1033,
m20;1;m20,m33,m1003,m1022,m1041,m533,m1056,m1006,m1023,m714,m1012,m1042,m1049,m1050,m1051,m1052,m1054,m1016,m1033,
m20;2;m20,m33,m1003,m1022,m1041,m533,m1056,m1006,m1023,m714,m1012,m1042,m1049,m1050,m1051,m1052,m1054,m1016,m1033,
m21;0;m9,m21,m81,m1001,m1021,m1022,m1036,m1053,m1056,m2002,m25,m509,m79,m80,m1015,m1006,m1014,m1016,m1032,m714,m320,m1012,m1042,m1049,m1050,m1051,m1052,m1054,m1033,
m21;1;m9,m21,m81,m1001,m1021,m1022,m1036,m1053,m1056,m2002,m25,m509,m79,m80,m1015,m1006,m1014,m1016,m1032,m714,m320,m1012,m1042,m1049,m1050,m1051,m1052,m1054,m1033,
m21;2;m9,m21,m81,m1001,m1021,m1022,m1036,m1053,m1056,m2002,m25,m509,m79,m80,m1015,m1006,m1014,m1016,m1032,m714,m320,m1012,m1042,m1049,m1050,m1051,m1052,m1054,m1033,
m22;0;m22,m78,m1016,m1021,m2001,m317,m1033,m2002,m1015,
m22;1;m22,m78,m1016,m1021,m2001,m317,m1033,m2002,m1015,
m22;2;m22,m78,m1016,m1021,m2001,m317,m1033,m2002,m1015,
m23;0;m23,m1002,m1016,m1001,m1021,m1039,m1033,m1006,m1014,m1012,m1042,m1049,m1050,m1051,m1052,m1054,
m23;1;m23,m1002,m1016,m1001,m1021,m1039,m1033,m1006,m1014,m1012,m1042,m1049,m1050,m1051,m1052,m1054,
m23;2;m23,m1002,m1016,m1001,m1021,m1039,m1033,m1006,m1014,m1012,m1042,m1049,m1050,m1051,m1052,m1054,
m24;-1;m24,m320,m1015,m1016,m1030,m1031,m1033,
m24;1;m24,m320,m1015,m1016,m1030,m1031,m1033,
m25;-1;m25,m1032,
m25;1;m25,m1032,
m26;0;m26,m1002,m1016,m1056,m1001,m1021,m1039,m1033,m1006,m1014,m1012,m1042,m1049,m1050,m1051,m1052,m1054,
m26;1;m26,m1002,m1016,m1056,m1001,m1021,m1039,m1033,m1006,m1014,m1012,m1042,m1049,m1050,m1051,m1052,m1054,
m26;2;m26,m1002,m1016,m1056,m1001,m1021,m1039,m1033,m1006,m1014,m1012,m1042,m1049,m1050,m1051,m1052,m1054,
m27;0;m27,m82,m1003,m1005,m1016,m1021,m1022,m2001,m79,m80,m1006,m1023,m1033,m2002,m320,m1012,m1042,m1049,m1050,m1051,m1052,m1054,m1015,
m27;1;m27,m82,m1003,m1005,m1016,m1021,m1022,m2001,m79,m80,m1006,m1023,m1033,m2002,m320,m1012,m1042,m1049,m1050,m1051,m1052,m1054,m1015,
m27;2;m27,m82,m1003,m1005,m1016,m1021,m1022,m2001,m79,m80,m1006,m1023,m1033,m2002,m320,m1012,m1042,m1049,m1050,m1051,m1052,m1054,m1015,
m28;0;m28,m85,m97,m282,m1025,m98,m201,m78,m1011,m1016,m1063,m317,m81,m83,m265,m1039,m1048,m1051,m1052,m2001,m1033,m1015,m79,m80,m1014,m1023,m1038,m1047,m1050,m1054,m1049,m2002,m320,
m28;1;m28,m85,m97,m282,m1025,m98,m201,m78,m1011,m1016,m1063,m317,m81,m83,m265,m1039,m1048,m1051,m1052,m2001,m1033,m1015,m79,m80,m1014,m1023,m1038,m1047,m1050,m1054,m1049,m2002,m320,
m29;0;m29,m30,m530,m1027,m2002,m714,m81,m1008,m1048,m79,m80,m1015,m1012,m1021,m1022,m1037,m1049,m320,m83,m1041,m1051,m1052,m1014,m1023,m1038,m1047,m1050,m1054,m1016,m1033,
m29;1;m29,m30,m530,m1027,m2002,m714,m81,m1008,m1048,m79,m80,m1015,m1012,m1021,m1022,m1037,m1049,m320,m83,m1041,m1051,m1052,m1014,m1023,m1038,m1047,m1050,m1054,m1016,m1033,
m30;-1;m30,m530,m1027,m2002,m714,m81,m1008,m1048,m79,m80,m1015,m1012,m1021,m1022,m1037,m1049,m320,m83,m1041,m1051,m1052,m1014,m1023,m1038,m1047,m1050,m1054,m1016,m1033,
m30;0;m30,m530,m1027,m2002,m714,m81,m1008,m1048,m79,m80,m1015,m1012,m1021,m1022,m1037,m1049,m320,m83,m1041,m1051,m1052,m1014,m1023,m1038,m1047,m1050,m1054,m1016,m1033,
m31;0;m31,m531,m1034,m1035,m714,m1043,m1044,m1009,m82,m83,m214,m901,m1012,m1021,m1022,m1048,m1051,m1052,m79,m80,m1014,m1023,m1038,m1047,m1050,m1054,m216,m1049,m320,m1016,m209,m1015,m1033,
m31;1;m31,m531,m1034,m1035,m714,m1043,m1044,m1009,m82,m83,m214,m901,m1012,m1021,m1022,m1048,m1051,m1052,m79,m80,m1014,m1023,m1038,m1047,m1050,m1054,m216,m1049,m320,m1016,m209,m1015,m1033,
m31;2;m31,m531,m1034,m1035,m714,m1043,m1044,m1009,m82,m83,m214,m901,m1012,m1021,m1022,m1048,m1051,m1052,m79,m80,m1014,m1023,m1038,m1047,m1050,m1054,m216,m1049,m320,m1016,m209,m1015,m1033,
m32;0;m32,m77,m217,m1001,m1016,m1021,m1056,m99,m1006,m1014,m1033,m1015,m1012,m1042,m1049,m1050,m1051,m1052,m1054,
m32;1;m32,m77,m217,m1001,m1016,m1021,m1056,m99,m1006,m1014,m1033,m1015,m1012,m1042,m1049,m1050,m1051,m1052,m1054,
m32;2;m32,m77,m217,m1001,m1016,m1021,m1056,m99,m1006,m1014,m1033,m1015,m1012,m1042,m1049,m1050,m1051,m1052,m1054,
m33;0;m33,m533,m1041,m1056,m714,
m33;1;m33,m533,m1041,m1056,m714,
m33;2;m33,m533,m1041,m1056,m714,
m38;0;
m39;0;
m40;0;
m41;0;
m41;1;
m42;0;
m43;0;
m44;2;
m46;1;m25,m29,m546,m1020,m1032,m30,m714,m81,m1008,m1048,m530,m1027,m2002,m79,m80,m1015,m1012,m1021,m1022,m1037,m1049,m320,m83,m1041,m1051,m1052,m1014,m1023,m1038,m1047,m1050,m1054,m1016,m1033,
m48;1;m29,m548,m1026,m30,m714,m1008,m1048,m530,m1027,m2002,m1012,m1021,m1022,m1037,m1049,m81,m83,m1041,m1051,m1052,m79,m80,m1015,m1014,m1023,m1038,m1047,m1050,m1054,m320,m1016,m1033,
m48;2;m29,m548,m1026,m30,m714,m1008,m1048,m530,m1027,m2002,m1012,m1021,m1022,m1037,m1049,m81,m83,m1041,m1051,m1052,m79,m80,m1015,m1014,m1023,m1038,m1047,m1050,m1054,m320,m1016,m1033,
m49;0;m1015,
m49;1;m1015,
m49;2;m1015,
m50;0;m320,m1015,
m50;1;m320,m1015,
m50;2;m320,m1015,
m51;0;m51,m75,m76,m99,m1015,
m51;1;m51,m75,m76,m99,m1015,
m51;2;m51,m75,m76,m99,m1015,
m52;0;m52,m75,m1015,m76,m99,
m52;1;m52,m75,m1015,m76,m99,
m52;2;m52,m75,m1015,m76,m99,
m53;0;m54,m209,m76,m78,m216,m1015,m99,m317,
m54;0;m76,m78,m209,m216,m1015,m99,m317,
m54;1;m76,m78,m209,m216,m1015,m99,m317,
m54;2;m76,m78,m209,m216,m1015,m99,m317,
m54;3;m76,m78,m209,m216,m1015,m99,m317,
m55;0;
m56;0;m57,m78,m317,m1015,
m57;0;m78,m317,m1015,
m57;1;m78,m317,m1015,
m57;2;m78,m317,m1015,
m57;3;m78,m317,m1015,
m57;4;m78,m317,m1015,
m57;5;m78,m317,m1015,
m58;0;
m58;1;
m58;2;
m59;0;m60,
m60;0;
m60;1;
m60;2;
m61;0;m61,m78,m317,m1015,
m61;1;m61,m78,m317,m1015,
m61;2;m61,m78,m317,m1015,
m62;0;m63,m70,m78,m1046,m82,m317,m79,m80,m1015,m320,
m63;0;m82,m79,m80,m320,m1015,
m63;1;m82,m79,m80,m320,m1015,
m63;2;m82,m79,m80,m320,m1015,
m63;3;m82,m79,m80,m320,m1015,
m64;0;m64,m65,m82,m79,m80,m320,m1015,
m64;1;m64,m65,m82,m79,m80,m320,m1015,
m64;2;m64,m65,m82,m79,m80,m320,m1015,
m65;0;m82,m79,m80,m320,m1015,
m65;1;m82,m79,m80,m320,m1015,
m65;2;m82,m79,m80,m320,m1015,
m66;0;m67,m82,m79,m80,m320,m1015,
m67;0;m82,m79,m80,m320,m1015,
m67;1;m82,m79,m80,m320,m1015,
m67;2;m82,m79,m80,m320,m1015,
m68;0;m68,m82,m79,m80,m320,m1015,
m68;1;m68,m82,m79,m80,m320,m1015,
m68;2;m68,m82,m79,m80,m320,m1015,
m69;0;m70,
m70;0;
m70;1;
m70;2;
m72;0;
m72;1;
m72;2;
m74;0;
m74;1;
m74;2;
m75;-1;m75,m76,m99,m1015,
m75;0;m75,m76,m99,m1015,
m75;1;m75,m76,m99,m1015,
m76;-1;m99,m1015,
m76;0;m99,m1015,
m76;1;m99,m1015,
m77;-1;m77,m99,m1015,
m77;0;m77,m99,m1015,
m77;1;m77,m99,m1015,
m78;0;m317,m1015,
m79;0;m79,m320,m1015,
m79;1;m79,m320,m1015,
m79;2;m79,m320,m1015,
m80;-1;
m80;0;
m80;1;
m81;0;m79,m80,m1015,m320,
m82;-1;m79,m80,m82,m320,m1015,
m82;0;m79,m80,m82,m320,m1015,
m83;0;m1014,m1023,m1038,m1047,m1050,m1051,m1052,m1054,m1016,m320,m1049,m1033,m1015,
m83;99;m1014,m1023,m1038,m1047,m1050,m1051,m1052,m1054,m1016,m320,m1049,m1033,m1015,
m84;-1;m97,m98,m201,
m84;0;m97,m98,m201,
m84;2;m97,m98,m201,
m84;3;m97,m98,m201,
m84;4;m97,m98,m201,
m85;-1;m97,m98,m201,
m85;0;m97,m98,m201,
m85;1;m97,m98,m201,
m85;3;m97,m98,m201,
m86;-1;m97,m98,m201,
m86;0;m97,m98,m201,
m86;3;m97,m98,m201,
m86;4;m97,m98,m201,
m87;0;m87,m88,m97,m98,m201,
m87;1;m87,m88,m97,m98,m201,
m87;2;m87,m88,m97,m98,m201,
m88;-1;m97,m98,m201,
m88;0;m97,m98,m201,
m88;2;m97,m98,m201,
m89;-1;m89,m90,m97,m98,m201,
m89;0;m89,m90,m97,m98,m201,
m89;1;m89,m90,m97,m98,m201,
m90;1;m97,m98,m201,
m90;2;m97,m98,m201,
m91;0;m91,m92,m97,m98,m201,
m91;1;m91,m92,m97,m98,m201,
m91;2;m91,m92,m97,m98,m201,
m92;-1;m97,m98,m201,
m92;1;m97,m98,m201,
m92;2;m97,m98,m201,
m93;0;m93,m94,m97,m98,m201,
m93;1;m93,m94,m97,m98,m201,
m93;2;m93,m94,m97,m98,m201,
m94;-1;m97,m98,m201,
m94;0;m97,m98,m201,
m94;5;m97,m98,m201,
m95;-1;m96,m97,m98,m201,
m95;0;m96,m97,m98,m201,
m95;1;m96,m97,m98,m201,
m95;2;m96,m97,m98,m201,
m96;-1;m97,m98,m201,
m96;0;m97,m98,m201,
m96;3;m97,m98,m201,
m96;5;m97,m98,m201,
m97;-1;m98,m201,
m97;1;m98,m201,
m98;0;
m98;1;
m98;2;
m98;3;
m98;4;
m98;5;
m99;-1;m99,m1015,
m99;0;m99,m1015,
m99;1;m99,m1015,
m100;0;
m101;-1;
m101;0;
m102;0;m101,m271,m786,m787,m788,m789,m790,m791,m1061,
m103;0;m207,m209,m216,
m104;0;
m104;1;
m104;2;
m105;0;
m105;1;
m105;2;
m106;0;
m106;1;
m106;2;
m107;0;
m107;1;
m107;2;
m109;0;
m109;1;
m109;2;
m110;0;
m110;1;
m110;2;
m111;0;
m111;1;
m111;2;
m112;0;
m112;1;
m112;2;
m113;0;
m113;1;
m113;2;
m114;0;
m114;1;
m114;2;
m114;3;
m115;0;
m115;1;
m115;2;
m115;3;
m116;0;
m116;1;
m116;2;
m116;3;
m117;0;
m117;1;
m117;2;
m117;3;
m118;0;
m119;0;
m119;1;
m119;2;
m120;0;
m120;1;
m120;2;
m121;0;
m121;1;
m121;2;
m122;0;
m122;1;
m122;2;
m124;0;
m124;1;
m124;2;
m125;-1;m158,
m126;0;
m126;1;
m126;2;
m127;-1;
m128;0;
m128;1;
m128;2;
m129;-1;
m130;0;
m130;1;
m130;2;
m131;-1;
m132;0;
m132;1;
m132;2;
m133;-1;
m134;0;
m134;1;
m134;2;
m135;-1;
m136;-1;m136,m288,m291,
m137;-1;
m138;-1;
m139;0;
m139;1;
m139;2;
m140;-1;
m141;0;
m141;1;
m141;2;
m142;-1;
m143;0;
m143;1;
m143;2;
m144;-1;
m145;0;
m145;1;
m145;2;
m146;0;
m146;1;
m146;2;
m147;0;
m147;1;
m147;2;
m148;0;m148,m284,m285,m219,m286,
m149;0;
m149;1;
m149;2;
m150;0;
m151;0;
m151;1;
m151;2;
m152;0;m152,m281,m289,m563,m566,m266,m283,m761,m264,m760,m1064,
m153;0;
m153;1;
m153;2;
m154;0;m154,m280,m290,m563,m567,
m155;0;
m155;1;
m155;2;
m156;0;
m157;0;
m157;1;
m157;2;
m158;0;
m158;1;
m158;2;
m158;3;
m160;-1;
m161;-1;
m162;-1;m192,m193,
m162;0;m192,m193,
m162;1;m192,m193,
m162;2;m192,m193,
m163;-1;m192,m193,
m163;0;m192,m193,
m163;1;m192,m193,
m164;-1;m192,m193,
m164;0;m192,m193,
m164;1;m192,m193,
m164;2;m192,m193,
m165;-1;m192,m193,
m165;0;m192,m193,
m165;1;m192,m193,
m165;2;m192,m193,
m166;-1;m192,m193,
m166;0;m192,m193,
m166;1;m192,m193,
m166;2;m192,m193,
m167;-1;m192,m193,
m167;0;m192,m193,
m167;1;m192,m193,
m167;2;m192,m193,
m168;0;
m168;1;
m169;-1;m192,m193,
m169;0;m192,m193,
m169;1;m192,m193,
m170;-1;m192,m193,
m170;0;m192,m193,
m170;4;m192,m193,
m171;-1;m192,m193,
m171;0;m192,m193,
m171;4;m192,m193,
m172;-1;
m172;0;
m172;1;
m172;2;
m172;3;
m172;4;
m172;5;
m172;6;
m172;7;
m172;8;
m172;9;
m172;10;
m173;-1;
m173;0;
m173;1;
m174;-1;
m174;0;
m174;1;
m174;2;
m174;3;
m176;0;
m176;1;
m176;2;
m177;-1;
m177;0;
m177;1;
m177;2;
m177;3;
m177;4;
m177;5;
m179;-1;m194,m195,
m179;0;m194,m195,
m179;1;m194,m195,
m179;2;m194,m195,
m179;3;m194,m195,
m179;4;m194,m195,
m180;-1;m194,m195,
m180;1;m194,m195,
m180;2;m194,m195,
m180;3;m194,m195,
m180;4;m194,m195,
m181;-1;m194,m195,
m181;0;m194,m195,
m181;1;m194,m195,
m181;2;m194,m195,
m183;-1;m194,m195,
m183;0;m194,m195,
m183;2;m194,m195,
m183;3;m194,m195,
m185;-1;m187,m194,m195,
m185;0;m187,m194,m195,
m185;1;m187,m194,m195,
m185;2;m187,m194,m195,
m186;-1;m187,m194,m195,
m186;0;m187,m194,m195,
m186;1;m187,m194,m195,
m186;2;m187,m194,m195,
m186;3;m187,m194,m195,
m187;0;
m188;-1;m194,m195,
m188;0;m194,m195,
m188;2;m194,m195,
m188;4;m194,m195,
m189;-1;m194,m195,
m189;0;m194,m195,
m189;1;m194,m195,
m189;2;m194,m195,
m190;-1;m194,m195,
m190;1;m194,m195,
m190;2;m194,m195,
m191;-1;m194,m195,
m191;1;m194,m195,
m191;2;m194,m195,
m191;3;m194,m195,
m192;0;m193,
m193;1;
m193;2;
m194;0;m195,
m195;0;
m195;1;
m195;2;
m195;3;
m196;0;
m196;1;
m196;2;
m197;0;
m197;1;
m197;2;
m198;0;
m199;0;
m200;0;
m200;1;
m201;0;
m201;1;
m202;0;m203,m205,m206,m204,
m203;0;m204,
m203;1;m204,
m203;2;m204,
m204;1;
m204;2;
m204;3;
m205;-1;
m205;0;
m205;1;
m205;2;
m205;3;
m205;4;
m205;5;
m205;6;
m206;0;
m206;1;
m207;0;m209,m216,
m207;1;m209,m216,
m207;2;m209,m216,
m207;3;m209,m216,
m208;0;m209,m216,
m208;1;m209,m216,
m208;2;m209,m216,
m208;3;m209,m216,
m209;0;
m209;1;
m209;2;
m209;3;
m209;4;
m210;0;m216,m209,
m210;1;m216,m209,
m210;2;m216,m209,
m211;0;m216,m209,
m211;1;m216,m209,
m211;2;m216,m209,
m212;0;m216,m209,
m212;1;m216,m209,
m212;2;m216,m209,
m213;0;m216,m209,
m213;1;m216,m209,
m213;2;m216,m209,
m214;-1;m216,m209,
m214;0;m216,m209,
m214;1;m216,m209,
m215;0;m216,m209,
m215;1;m216,m209,
m215;2;m216,m209,
m216;-1;m209,
m216;0;m209,
m216;1;m209,
m217;-1;
m217;0;
m217;1;
m219;0;
m219;1;
m219;2;
m220;0;
m220;1;
m220;2;
m221;0;
m221;1;
m221;2;
m221;3;
m222;0;
m222;1;
m222;2;
m223;0;m1056,
m223;1;m1056,
m223;2;m1056,
m224;0;m1056,
m224;1;m1056,
m224;2;m1056,
m225;0;m1056,
m225;1;m1056,
m225;2;m1056,
m226;0;
m226;1;
m226;2;
m227;0;
m227;1;
m227;2;
m228;0;
m228;1;
m228;2;
m228;3;
m229;0;
m229;1;
m229;2;
m230;0;m565,m566,m567,
m231;0;
m231;1;
m231;2;
m232;0;
m232;1;
m232;2;
m233;0;
m233;1;
m233;2;
m234;0;
m234;1;
m234;2;
m235;0;
m235;1;
m235;2;
m236;0;m267,
m236;1;m267,
m236;2;m267,
m237;0;
m237;1;
m237;2;
m238;0;
m238;1;
m238;2;
m239;0;
m239;1;
m239;2;
m240;0;
m240;1;
m240;2;
m241;0;m267,
m241;1;m267,
m241;2;m267,
m242;0;
m242;1;
m242;2;
m243;0;
m243;1;
m243;2;
m244;0;
m244;1;
m244;2;
m245;0;m422,m424,m423,m843,
m246;0;m422,m425,m423,m843,
m247;0;
m247;1;
m247;2;
m248;0;
m248;1;
m248;2;
m250;-1;
m255;0;
m255;1;
m255;2;
m256;0;
m256;1;
m256;2;
m258;0;
m258;1;
m258;2;
m259;0;
m259;1;
m259;2;
m259;3;
m259;4;
m259;5;
m259;6;
m259;7;
m260;0;
m260;1;
m260;2;
m260;3;
m260;4;
m260;5;
m260;6;
m260;7;
m261;0;
m261;1;
m261;2;
m261;3;
m261;4;
m261;5;
m261;6;
m261;7;
m262;0;m263,
m262;1;m263,
m262;2;m263,
m262;3;m263,
m262;4;m263,
m262;5;m263,
m262;6;m263,
m262;7;m263,
m262;8;m263,
m262;9;m263,
m262;10;m263,
m262;11;m263,
m262;12;m263,
m262;13;m263,
m262;14;m263,
m262;15;m263,
m262;16;m263,
m263;0;
m263;1;
m263;2;
m263;3;
m264;0;
m264;1;
m264;2;
m264;3;
m264;4;
m265;0;
m265;1;
m265;2;
m266;-1;m264,m760,
m266;0;m264,m760,
m267;0;
m267;1;
m267;2;
m268;0;
m269;0;
m269;1;
m269;2;
m270;0;
m271;-1;
m271;0;
m274;0;
m274;2010;
m274;2011;
m274;2012;
m274;2013;
m274;2014;
m274;2015;
m274;2016;
m274;2017;
m274;2018;
m274;2019;
m274;2020;
m274;2021;
m274;2022;
m274;2023;
m275;0;
m275;1;
m275;2;
m275;3;
m275;4;
m275;5;
m275;6;
m275;7;
m275;8;
m275;9;
m275;10;
m275;11;
m275;12;
m276;0;
m277;0;
m277;1;
m277;2;
m277;3;
m277;4;
m277;5;
m277;6;
m277;7;
m278;0;
m278;1;
m278;2;
m278;3;
m278;4;
m278;5;
m278;6;
m278;7;
m278;8;
m278;9;
m278;10;
m278;11;
m278;12;
m278;13;
m278;14;
m278;15;
m278;16;
m278;17;
m278;18;
m278;19;
m278;20;
m278;21;
m278;22;
m278;23;
m278;24;
m279;0;
m279;1;
m280;0;
m280;1;
m281;0;m266,m283,m761,m264,m760,m1064,
m281;1;m266,m283,m761,m264,m760,m1064,
m282;0;
m282;1;
m282;2;
m282;3;
m282;4;
m282;5;
m282;6;
m283;0;m1064,
m283;1;m1064,
m283;2;m1064,
m283;3;m1064,
m284;0;m285,m219,m286,
m284;1;m285,m219,m286,
m285;0;m219,m286,
m286;0;
m286;1;
m287;0;
m287;1;
m288;0;
m288;1;
m288;2;
m288;3;
m288;4;
m289;0;
m289;1;
m290;0;
m290;1;
m291;0;
m291;1;
m291;2;
m291;3;
m291;4;
m292;0;
m292;1;
m292;2;
m293;0;m1063,m1064,
m293;1;m1063,m1064,
m293;2;m1063,m1064,
m295;-1;
m296;0;
m296;1;
m296;2;
m297;0;
m297;1;
m297;2;
m298;-1;
m299;0;
m299;1;
m299;2;
m300;0;m300,m1015,
m300;1;m300,m1015,
m300;2;m300,m1015,
m301;0;m1015,
m301;1;m1015,
m301;2;m1015,
m302;0;m1015,
m302;1;m1015,
m302;2;m1015,
m303;0;m1015,
m303;1;m1015,
m303;2;m1015,
m304;0;
m304;1;
m304;2;
m305;0;
m305;1;
m305;2;
m306;0;
m306;1;
m306;2;
m307;0;
m307;1;
m307;2;
m308;0;
m309;0;
m310;0;
m310;1;
m310;2;
m311;0;
m311;1;
m311;2;
m312;0;
m312;1;
m312;2;
m313;0;
m313;1;
m313;2;
m314;0;
m315;0;
m316;0;m75,m76,m99,m1015,
m316;1;m75,m76,m99,m1015,
m316;2;m75,m76,m99,m1015,
m317;0;m1015,
m317;1;m1015,
m317;2;m1015,
m318;0;m317,m1015,
m318;1;m317,m1015,
m318;2;m317,m1015,
m319;0;m78,m317,m1015,
m319;1;m78,m317,m1015,
m319;2;m78,m317,m1015,
m320;0;m1015,
m320;1;m1015,
m320;2;m1015,
m321;-1;
m321;1;
m322;0;
m322;1;
m322;2;
m323;0;
m323;1;
m323;2;
m324;0;
m324;1;
m324;2;
m325;0;
m325;1;
m325;2;
m326;0;
m326;1;
m326;2;
m327;0;
m327;1;
m327;2;
m329;-1;m341,m342,
m329;0;m341,m342,
m329;1;m341,m342,
m329;2;m341,m342,
m329;3;m341,m342,
m330;-1;m341,m342,
m330;0;m341,m342,
m330;1;m341,m342,
m330;2;m341,m342,
m330;3;m341,m342,
m331;-1;m341,m342,
m331;0;m341,m342,
m331;1;m341,m342,
m331;2;m341,m342,
m331;3;m341,m342,
m332;-1;m333,m341,m342,
m332;0;m333,m341,m342,
m332;1;m333,m341,m342,
m332;2;m333,m341,m342,
m332;3;m333,m341,m342,
m333;0;m341,m342,
m334;-1;m341,m342,
m334;0;m341,m342,
m334;1;m341,m342,
m334;2;m341,m342,
m334;3;m341,m342,
m335;-1;m341,m342,
m335;0;m341,m342,
m335;1;m341,m342,
m336;-1;m341,m342,
m336;0;m341,m342,
m336;1;m341,m342,
m336;2;m341,m342,
m336;3;m341,m342,
m337;-1;m341,m342,
m337;0;m341,m342,
m337;1;m341,m342,
m337;2;m341,m342,
m337;3;m341,m342,
m338;-1;m341,m342,
m338;0;m341,m342,
m338;1;m341,m342,
m338;2;m341,m342,
m338;3;m341,m342,
m339;-1;m341,m342,
m339;0;m341,m342,
m339;1;m341,m342,
m339;2;m341,m342,
m339;3;m341,m342,
m340;-1;m341,m342,
m340;0;m341,m342,
m340;1;m341,m342,
m340;2;m341,m342,
m340;3;m341,m342,
m341;0;m342,
m342;-1;
m342;1;
m342;2;
m342;3;
m344;0;
m344;1;
m344;2;
m348;0;m361,
m348;1;m361,
m348;2;m361,
m352;0;m361,
m352;1;m361,
m352;2;m361,
m354;0;
m354;1;
m354;2;
m356;0;
m356;1;
m356;2;
m358;0;
m358;1;
m358;2;
m360;0;
m360;1;
m360;2;
m361;0;
m361;1;
m361;2;
m362;0;
m362;1;
m362;2;
m363;0;
m363;1;
m363;2;
m364;0;
m364;1;
m364;2;
m365;0;
m365;1;
m365;2;
m365;3;
m366;0;
m366;1;
m366;2;
m366;3;
m367;0;
m367;1;
m367;2;
m367;3;
m368;0;
m368;1;
m368;2;
m368;3;
m369;0;
m369;1;
m369;2;
m369;3;
m370;0;
m370;1;
m370;2;
m371;0;
m371;1;
m371;2;
m371;3;
m372;0;
m372;1;
m372;2;
m372;3;
m373;0;
m373;1;
m373;2;
m374;0;
m374;1;
m374;2;
m375;0;m386,m415,
m375;1;m386,m415,
m375;2;m386,m415,
m376;0;m386,m415,
m376;1;m386,m415,
m376;2;m386,m415,
m377;0;m386,m415,
m377;1;m386,m415,
m377;2;m386,m415,
m378;0;m386,m415,
m378;1;m386,m415,
m378;2;m386,m415,
m379;0;m386,m415,
m379;1;m386,m415,
m379;2;m386,m415,
m380;0;m386,
m380;1;m386,
m380;2;m386,
m381;0;m386,
m381;1;m386,
m381;2;m386,
m382;0;m386,m415,
m382;1;m386,m415,
m382;2;m386,m415,
m383;0;m386,m415,
m383;1;m386,m415,
m383;2;m386,m415,
m384;0;m386,m415,
m384;1;m386,m415,
m384;2;m386,m415,
m385;0;m386,m415,
m385;1;m386,m415,
m385;2;m386,m415,
m386;1;
m386;2;
m386;3;
m386;4;
m387;0;m386,m415,
m387;1;m386,m415,
m387;2;m386,m415,
m388;0;
m388;1;
m388;2;
m388;3;
m390;0;
m390;1;
m390;2;
m392;0;
m392;1;
m392;2;
m393;0;
m393;1;
m393;2;
m395;0;
m395;1;
m395;2;
m395;3;
m395;4;
m395;5;
m396;0;
m396;1;
m396;2;
m397;0;m415,
m397;1;m415,
m397;2;m415,
m398;0;m415,
m398;1;m415,
m398;2;m415,
m399;0;m400,m430,m406,m416,m765,m769,m407,m417,m766,m767,m770,m556,
m399;1;m400,m430,m406,m416,m765,m769,m407,m417,m766,m767,m770,m556,
m399;2;m400,m430,m406,m416,m765,m769,m407,m417,m766,m767,m770,m556,
m399;3;m400,m430,m406,m416,m765,m769,m407,m417,m766,m767,m770,m556,
m399;4;m400,m430,m406,m416,m765,m769,m407,m417,m766,m767,m770,m556,
m399;5;m400,m430,m406,m416,m765,m769,m407,m417,m766,m767,m770,m556,
m399;6;m400,m430,m406,m416,m765,m769,m407,m417,m766,m767,m770,m556,
m399;7;m400,m430,m406,m416,m765,m769,m407,m417,m766,m767,m770,m556,
m399;8;m400,m430,m406,m416,m765,m769,m407,m417,m766,m767,m770,m556,
m399;9;m400,m430,m406,m416,m765,m769,m407,m417,m766,m767,m770,m556,
m399;10;m400,m430,m406,m416,m765,m769,m407,m417,m766,m767,m770,m556,
m399;11;m400,m430,m406,m416,m765,m769,m407,m417,m766,m767,m770,m556,
m399;12;m400,m430,m406,m416,m765,m769,m407,m417,m766,m767,m770,m556,
m399;13;m400,m430,m406,m416,m765,m769,m407,m417,m766,m767,m770,m556,
m399;14;m400,m430,m406,m416,m765,m769,m407,m417,m766,m767,m770,m556,
m399;15;m400,m430,m406,m416,m765,m769,m407,m417,m766,m767,m770,m556,
m400;-1;m406,m416,m765,m407,m417,m766,m767,m556,
m400;0;m406,m416,m765,m407,m417,m766,m767,m556,
m400;1;m406,m416,m765,m407,m417,m766,m767,m556,
m400;2;m406,m416,m765,m407,m417,m766,m767,m556,
m400;3;m406,m416,m765,m407,m417,m766,m767,m556,
m400;4;m406,m416,m765,m407,m417,m766,m767,m556,
m400;6;m406,m416,m765,m407,m417,m766,m767,m556,
m400;8;m406,m416,m765,m407,m417,m766,m767,m556,
m400;9;m406,m416,m765,m407,m417,m766,m767,m556,
m400;12;m406,m416,m765,m407,m417,m766,m767,m556,
m401;-1;m406,m416,m765,m407,m417,m766,m767,m556,
m401;0;m406,m416,m765,m407,m417,m766,m767,m556,
m401;1;m406,m416,m765,m407,m417,m766,m767,m556,
m401;2;m406,m416,m765,m407,m417,m766,m767,m556,
m401;3;m406,m416,m765,m407,m417,m766,m767,m556,
m402;-1;m406,m416,m431,m768,m407,m417,m556,
m402;0;m406,m416,m431,m768,m407,m417,m556,
m402;1;m406,m416,m431,m768,m407,m417,m556,
m402;2;m406,m416,m431,m768,m407,m417,m556,
m402;4;m406,m416,m431,m768,m407,m417,m556,
m402;8;m406,m416,m431,m768,m407,m417,m556,
m403;-1;m406,m416,m432,m765,m769,m407,m417,m766,m767,m770,m556,
m403;0;m406,m416,m432,m765,m769,m407,m417,m766,m767,m770,m556,
m403;1;m406,m416,m432,m765,m769,m407,m417,m766,m767,m770,m556,
m403;3;m406,m416,m432,m765,m769,m407,m417,m766,m767,m770,m556,
m403;4;m406,m416,m432,m765,m769,m407,m417,m766,m767,m770,m556,
m404;-1;m406,m407,m556,
m404;0;m406,m407,m556,
m404;1;m406,m407,m556,
m404;2;m406,m407,m556,
m404;3;m406,m407,m556,
m405;-1;m406,m407,m556,
m405;0;m406,m407,m556,
m405;1;m406,m407,m556,
m405;2;m406,m407,m556,
m405;3;m406,m407,m556,
m406;-1;m407,m556,
m406;0;m407,m556,
m407;-1;m556,
m407;1;m556,
m407;2;m556,
m407;3;m556,
m407;4;m556,
m407;5;m556,
m408;-1;m413,m797,m414,m798,
m408;0;m413,m797,m414,m798,
m408;2;m413,m797,m414,m798,
m409;-1;m413,m797,m414,m798,
m409;0;m413,m797,m414,m798,
m409;2;m413,m797,m414,m798,
m409;4;m413,m797,m414,m798,
m410;-1;m413,m797,m414,m798,
m410;0;m413,m797,m414,m798,
m410;2;m413,m797,m414,m798,
m410;4;m413,m797,m414,m798,
m411;-1;m413,m414,
m411;0;m413,m414,
m411;2;m413,m414,
m411;4;m413,m414,
m412;-1;m413,m414,
m412;0;m413,m414,
m412;2;m413,m414,
m413;-1;m414,
m413;0;m414,
m414;0;
m414;1;
m414;2;
m415;1;
m415;2;
m415;3;
m415;4;
m416;-1;m417,
m416;0;m417,
m417;-1;
m417;1;
m417;2;
m417;3;
m417;4;
m417;5;
m418;-1000;
m418;0;
m419;-1000;
m419;0;
m420;-1000;
m420;0;
m421;-1000;
m421;0;
m422;0;m423,m843,
m422;1;m423,m843,
m423;0;
m423;1;
m423;2;
m424;0;
m424;1;
m424;2;
m425;0;
m425;1;
m425;2;
m426;-1000;m428,m792,m799,m808,m800,m809,
m426;1;m428,m792,m799,m808,m800,m809,
m427;-1000;m429,m793,m799,m808,m800,m809,
m427;1;m429,m793,m799,m808,m800,m809,
m428;-1000;
m428;0;
m429;-1000;
m429;0;
m430;-1;m769,m770,
m430;0;m769,m770,
m430;1;m769,m770,
m431;-1;
m431;0;
m431;1;
m432;-1;
m432;0;
m432;1;
m433;0;
m433;1;
m433;2;
m435;0;
m435;1;
m435;2;
m437;0;
m437;1;
m437;2;
m446;0;
m446;1;
m448;0;
m448;1;
m449;0;m476,
m449;1;m476,
m449;2;m476,
m449;3;m476,
m450;0;
m450;1;
m450;2;
m450;3;
m452;0;
m452;1;
m452;2;
m453;0;
m453;1;
m453;2;
m454;0;
m454;1;
m454;2;
m455;0;m476,
m455;1;m476,
m455;2;m476,
m457;0;
m457;1;
m457;2;
m458;0;m476,
m458;1;m476,
m458;2;m476,
m458;3;m476,
m459;0;m476,
m459;1;m476,
m459;2;m476,
m460;0;m476,
m460;1;m476,
m460;2;m476,
m461;0;
m461;1;
m461;2;
m462;0;
m462;1;
m462;2;
m464;0;
m464;1;
m464;2;
m465;0;
m465;1;
m465;2;
m466;0;
m466;1;
m466;2;
m467;0;
m467;1;
m467;2;
m468;0;
m468;1;
m468;2;
m469;0;
m469;1;
m469;2;
m470;0;
m470;1;
m470;2;
m471;0;
m471;1;
m471;2;
m472;0;
m472;1;
m472;2;
m473;0;
m473;1;
m473;2;
m474;0;
m474;1;
m474;2;
m475;0;
m475;1;
m475;2;
m476;0;
m476;1;
m476;2;
m477;0;
m477;1;
m477;2;
m492;-1;
m492;0;
m492;1;
m492;2;
m492;3;
m493;-1;
m493;0;
m493;1;
m493;2;
m493;3;
m494;-1;
m494;0;
m494;1;
m494;2;
m494;3;
m496;-1;
m496;0;
m496;1;
m496;2;
m496;3;
m497;-1;
m497;0;
m497;1;
m497;2;
m497;3;
m498;-1;
m498;0;
m498;1;
m498;2;
m498;3;
m499;-1;
m499;0;
m499;1;
m499;2;
m501;-1;m501,m714,
m501;0;m501,m714,
m502;-1;m502,m714,m2001,m2002,
m502;0;m502,m714,m2001,m2002,
m502;1;m502,m714,m2001,m2002,
m502;2;m502,m714,m2001,m2002,
m503;-1;m503,m714,
m503;0;m503,m714,
m504;-1;m504,m714,
m504;0;m504,m714,
m505;-1;m505,m714,
m505;0;m505,m714,
m506;-1;m506,m714,
m506;0;m506,m714,
m507;-1;m507,m714,m1010,m1028,m2002,m78,m83,m265,m1012,m1016,m1018,m1021,m1022,m1036,m1048,m1051,m1052,m1053,m1062,m1065,m1060,m1063,m1064,m1068,m317,m1014,m1023,m1038,m1047,m1050,m1054,m1033,m1049,m1066,m1015,m320,
m507;0;m507,m714,m1010,m1028,m2002,m78,m83,m265,m1012,m1016,m1018,m1021,m1022,m1036,m1048,m1051,m1052,m1053,m1062,m1065,m1060,m1063,m1064,m1068,m317,m1014,m1023,m1038,m1047,m1050,m1054,m1033,m1049,m1066,m1015,m320,
m508;-1;m508,m714,m1010,m1028,m2002,m78,m83,m265,m1012,m1016,m1018,m1021,m1022,m1036,m1048,m1051,m1052,m1053,m1062,m1065,m1060,m1063,m1064,m1068,m317,m1014,m1023,m1038,m1047,m1050,m1054,m1033,m1049,m1066,m1015,m320,
m508;0;m508,m714,m1010,m1028,m2002,m78,m83,m265,m1012,m1016,m1018,m1021,m1022,m1036,m1048,m1051,m1052,m1053,m1062,m1065,m1060,m1063,m1064,m1068,m317,m1014,m1023,m1038,m1047,m1050,m1054,m1033,m1049,m1066,m1015,m320,
m509;-1;m509,m714,
m509;0;m509,m714,
m510;-1;m510,m714,m1024,m2002,m78,m81,m265,m1008,m1016,m1018,m1048,m317,m79,m80,m1015,m1012,m1021,m1022,m1037,m1033,m1049,m320,m83,m1041,m1051,m1052,m1014,m1023,m1038,m1047,m1050,m1054,
m510;0;m510,m714,m1024,m2002,m78,m81,m265,m1008,m1016,m1018,m1048,m317,m79,m80,m1015,m1012,m1021,m1022,m1037,m1033,m1049,m320,m83,m1041,m1051,m1052,m1014,m1023,m1038,m1047,m1050,m1054,
m514;-1;m514,m714,
m514;0;m514,m714,
m530;-1;m530,m714,m2002,
m530;0;m530,m714,m2002,
m531;-1;m531,m714,
m531;0;m531,m714,
m533;-1;m533,m714,
m533;0;m533,m714,
m546;-1;m25,m546,m714,m1032,
m546;0;m25,m546,m714,m1032,
m548;-1;m548,m714,m1026,m1008,m1048,m1012,m1021,m1022,m1037,m1049,m83,m1041,m1051,m1052,m1014,m1023,m1038,m1047,m1050,m1054,m1016,m320,m1033,m1015,
m548;0;m548,m714,m1026,m1008,m1048,m1012,m1021,m1022,m1037,m1049,m83,m1041,m1051,m1052,m1014,m1023,m1038,m1047,m1050,m1054,m1016,m320,m1033,m1015,
m549;0;
m549;1;
m549;2;
m550;0;m569,
m550;1;m569,
m550;2;m569,
m551;0;m569,
m551;1;m569,
m551;2;m569,
m552;0;m569,
m552;1;m569,
m552;2;m569,
m553;0;m569,
m553;1;m569,
m553;2;m569,
m554;0;m569,
m554;1;m569,
m554;2;m569,
m555;0;m569,
m555;1;m569,
m555;2;m569,
m556;0;
m556;1;
m556;2;
m558;0;
m558;1;
m558;2;
m560;0;
m560;1;
m560;2;
m562;0;
m562;1;
m562;2;
m563;0;
m563;1;
m564;0;
m564;1;
m564;2;
m564;3;
m564;4;
m565;0;
m565;1;
m566;0;
m566;1;
m567;0;
m567;1;
m568;0;
m568;1;
m569;-1;
m569;0;
m569;1;
m601;0;m681,m682,m688,m683,
m601;1;m681,m682,m688,m683,
m601;2;m681,m682,m688,m683,
m601;3;m681,m682,m688,m683,
m601;4;m681,m682,m688,m683,
m602;0;m681,m682,m688,m683,
m602;1;m681,m682,m688,m683,
m602;2;m681,m682,m688,m683,
m602;3;m681,m682,m688,m683,
m602;4;m681,m682,m688,m683,
m603;0;m681,m682,m688,m683,
m603;1;m681,m682,m688,m683,
m603;2;m681,m682,m688,m683,
m603;3;m681,m682,m688,m683,
m603;4;m681,m682,m688,m683,
m604;0;m681,m682,m688,m683,
m604;1;m681,m682,m688,m683,
m604;2;m681,m682,m688,m683,
m604;3;m681,m682,m688,m683,
m604;4;m681,m682,m688,m683,
m605;0;m681,m682,m688,m683,
m605;1;m681,m682,m688,m683,
m605;2;m681,m682,m688,m683,
m605;3;m681,m682,m688,m683,
m605;4;m681,m682,m688,m683,
m606;0;m681,m682,m688,m683,
m606;1;m681,m682,m688,m683,
m606;2;m681,m682,m688,m683,
m606;3;m681,m682,m688,m683,
m606;4;m681,m682,m688,m683,
m607;0;m681,m682,m688,m683,
m607;1;m681,m682,m688,m683,
m607;2;m681,m682,m688,m683,
m607;3;m681,m682,m688,m683,
m607;4;m681,m682,m688,m683,
m608;0;m681,m682,m688,m683,
m608;1;m681,m682,m688,m683,
m608;2;m681,m682,m688,m683,
m608;3;m681,m682,m688,m683,
m608;4;m681,m682,m688,m683,
m609;0;m681,m682,m688,m683,
m609;1;m681,m682,m688,m683,
m609;2;m681,m682,m688,m683,
m609;3;m681,m682,m688,m683,
m609;4;m681,m682,m688,m683,
m610;0;m686,m687,
m610;1;m686,m687,
m610;2;m686,m687,
m610;3;m686,m687,
m610;4;m686,m687,
m610;5;m686,m687,
m611;0;
m612;0;
m612;1;
m612;2;
m612;3;
m612;4;
m612;5;
m613;0;
m613;1;
m613;2;
m614;0;
m614;1;
m614;2;
m614;3;
m614;4;
m615;0;
m615;1;
m615;2;
m615;3;
m615;4;
m616;0;
m616;1;
m616;2;
m617;0;
m617;1;
m617;2;
m618;0;
m618;1;
m618;2;
m619;0;
m619;1;
m619;2;
m620;0;
m620;1;
m620;2;
m621;0;
m621;1;
m621;2;
m622;0;
m622;1;
m622;2;
m623;0;
m623;1;
m623;2;
m624;0;
m624;1;
m624;2;
m625;0;
m625;1;
m625;2;
m626;0;
m626;1;
m626;2;
m627;0;
m627;1;
m627;2;
m628;0;
m628;1;
m628;2;
m629;0;
m629;1;
m629;2;
m630;0;
m630;1;
m630;2;
m631;0;
m631;1;
m631;2;
m632;0;
m632;1;
m632;2;
m633;0;
m633;1;
m633;2;
m634;0;
m634;1;
m634;2;
m635;0;
m635;1;
m635;2;
m636;0;
m636;1;
m636;2;
m637;0;
m637;1;
m637;2;
m638;0;
m638;1;
m638;2;
m639;0;
m639;1;
m639;2;
m640;0;
m640;1;
m640;2;
m641;0;
m641;1;
m641;2;
m642;0;
m642;1;
m642;2;
m643;0;
m643;1;
m643;2;
m644;0;
m644;1;
m644;2;
m645;0;
m645;1;
m645;2;
m646;0;
m646;1;
m646;2;
m647;0;
m647;1;
m647;2;
m648;0;
m648;1;
m648;2;
m649;0;
m649;1;
m649;2;
m650;0;
m650;1;
m650;2;
m659;0;
m659;1;
m659;2;
m659;3;
m659;4;
m660;0;
m660;1;
m660;2;
m660;3;
m661;0;
m661;1;
m661;2;
m661;3;
m662;0;
m662;1;
m662;2;
m662;3;
m663;0;
m663;1;
m663;2;
m663;3;
m664;0;
m664;1;
m664;2;
m664;3;
m665;0;
m665;1;
m665;2;
m665;3;
m665;4;
m665;5;
m666;0;
m666;1;
m666;2;
m666;3;
m666;4;
m666;5;
m667;0;
m667;1;
m667;2;
m667;3;
m667;4;
m667;5;
m668;0;
m668;1;
m668;2;
m669;0;
m669;1;
m669;2;
m669;3;
m669;4;
m670;0;
m670;1;
m670;2;
m671;0;
m672;0;
m672;1;
m672;2;
m672;3;
m672;4;
m673;0;
m673;1;
m673;2;
m674;0;
m674;1;
m674;2;
m674;3;
m674;4;
m679;0;
m679;1;
m679;2;
m679;3;
m679;4;
m679;5;
m680;0;
m680;1;
m680;2;
m680;3;
m680;4;
m680;5;
m681;-1;m682,m688,m683,
m681;0;m682,m688,m683,
m682;-1;m683,
m682;0;m683,
m683;0;
m683;1;
m683;2;
m683;3;
m683;4;
m684;0;
m684;1;
m684;2;
m685;0;
m685;1;
m685;2;
m686;0;
m686;1;
m687;0;
m687;1;
m687;2;
m687;3;
m688;0;
m688;1;
m688;2;
m688;3;
m688;4;
m689;0;
m690;-1000;m693,
m690;0;m693,
m691;-1000;m694,
m691;0;m694,
m692;0;
m692;1;
m692;2;
m693;-1000;
m693;0;
m694;-1000;
m694;0;
m709;0;
m709;1;
m709;2;
m710;0;
m710;1;
m710;2;
m711;0;
m711;1;
m711;2;
m714;0;
m714;1;
m718;-1;
m718;0;
m718;1;
m718;2;
m719;-1;
m719;0;
m719;1;
m719;2;
m719;3;
m719;4;
m719;5;
m719;6;
m719;7;
m719;8;
m719;9;
m719;10;
m723;1;
m723;2;
m724;-1;m739,m740,
m724;0;m739,m740,
m724;1;m739,m740,
m724;2;m739,m740,
m724;3;m739,m740,
m725;-1;m739,m740,
m725;0;m739,m740,
m725;1;m739,m740,
m725;2;m739,m740,
m725;3;m739,m740,
m726;-1;m739,m740,
m726;0;m739,m740,
m726;1;m739,m740,
m726;2;m739,m740,
m726;3;m739,m740,
m727;-1;m739,m740,
m727;0;m739,m740,
m727;1;m739,m740,
m727;2;m739,m740,
m727;3;m739,m740,
m728;0;m741,m742,
m729;0;m741,m742,
m730;0;m741,m742,
m731;0;m736,m738,
m732;0;m736,m738,
m733;0;m736,m738,
m734;-1;m736,m738,
m734;0;m736,m738,
m734;1;m736,m738,
m735;0;m736,m738,
m736;0;m738,
m736;1;m738,
m736;2;m738,
m736;3;m738,
m738;-1;
m738;0;
m738;1;
m738;2;
m739;0;m740,
m740;0;
m740;1;
m740;2;
m741;0;m742,
m742;0;
m742;1;
m742;2;
m743;0;
m743;1;
m743;2;
m745;0;
m745;1;
m745;2;
m747;0;
m747;1;
m747;2;
m749;0;
m749;1;
m749;2;
m750;-1;m758,m759,
m750;0;m758,m759,
m750;1;m758,m759,
m750;2;m758,m759,
m750;3;m758,m759,
m750;4;m758,m759,
m750;5;m758,m759,
m751;-1;m758,m759,
m751;0;m758,m759,
m751;1;m758,m759,
m751;2;m758,m759,
m751;3;m758,m759,
m751;4;m758,m759,
m751;5;m758,m759,
m752;-1;m758,m759,
m752;0;m758,m759,
m752;1;m758,m759,
m752;2;m758,m759,
m752;3;m758,m759,
m752;4;m758,m759,
m752;5;m758,m759,
m753;-1;m758,m759,
m753;0;m758,m759,
m753;1;m758,m759,
m753;2;m758,m759,
m753;3;m758,m759,
m753;4;m758,m759,
m753;5;m758,m759,
m754;-1;m758,m759,
m754;0;m758,m759,
m754;1;m758,m759,
m754;2;m758,m759,
m754;3;m758,m759,
m754;4;m758,m759,
m754;5;m758,m759,
m755;-1;m758,m759,
m755;0;m758,m759,
m755;1;m758,m759,
m755;2;m758,m759,
m755;3;m758,m759,
m755;4;m758,m759,
m755;5;m758,m759,
m756;-1;m758,m759,
m756;0;m758,m759,
m756;1;m758,m759,
m756;2;m758,m759,
m756;3;m758,m759,
m756;4;m758,m759,
m756;5;m758,m759,
m758;-1;m759,
m758;0;m759,
m759;0;
m759;1;
m759;2;
m759;3;
m759;4;
m760;0;
m760;1;
m760;2;
m760;3;
m760;4;
m761;0;
m761;1;
m761;2;
m761;3;
m762;0;m764,
m762;1;m764,
m762;2;m764,
m763;0;m764,
m763;1;m764,
m763;2;m764,
m764;0;
m764;1;
m764;2;
m765;-1;m766,m767,
m765;0;m766,m767,
m765;1;m766,m767,
m765;2;m766,m767,
m765;3;m766,m767,
m765;4;m766,m767,
m765;5;m766,m767,
m765;6;m766,m767,
m765;7;m766,m767,
m765;8;m766,m767,
m765;9;m766,m767,
m765;10;m766,m767,
m765;11;m766,m767,
m765;12;m766,m767,
m765;13;m766,m767,
m765;14;m766,m767,
m765;15;m766,m767,
m765;16;m766,m767,
m765;17;m766,m767,
m765;18;m766,m767,
m765;19;m766,m767,
m766;-1;
m766;0;
m766;1;
m767;-1;
m767;0;
m767;1;
m767;2;
m768;-1;
m768;0;
m768;1;
m769;-1;m770,
m769;0;m770,
m769;1;m770,
m769;2;m770,
m770;-1;
m770;0;
m770;1;
m771;0;
m771;1;
m771;2;
m771;3;
m772;0;
m772;1;
m772;2;
m772;3;
m772;4;
m773;0;
m773;1;
m773;2;
m774;0;
m774;1;
m774;2;
m775;0;
m775;1;
m775;2;
m776;0;
m777;0;
m777;1;
m777;2;
m778;0;
m779;0;
m779;1;
m779;2;
m780;0;
m780;1;
m780;2;
m781;0;
m781;1;
m781;2;
m782;0;
m782;1;
m782;2;
m783;0;
m783;1;
m783;2;
m784;0;
m784;1;
m784;2;
m785;0;
m785;1;
m785;2;
m786;-1;
m786;0;
m787;-1;
m787;0;
m788;-1;
m788;0;
m789;-1;
m789;0;
m790;-1;
m790;0;
m791;0;
m791;1;
m791;2;
m791;3;
m791;4;
m791;5;
m791;6;
m791;7;
m791;8;
m791;9;
m791;10;
m792;0;
m792;1;
m792;2;
m792;3;
m792;4;
m793;0;
m793;1;
m793;2;
m793;3;
m793;4;
m794;0;
m794;1;
m794;2;
m795;0;
m795;1;
m795;2;
m796;0;
m796;1;
m797;-1;m798,
m797;1;m798,
m798;0;
m798;1;
m798;2;
m799;-1000;m800,
m799;1;m800,
m800;0;
m800;1;
m800;2;
m800;3;
m800;4;
m804;0;
m804;1;
m804;2;
m804;3;
m807;0;
m807;1;
m807;2;
m808;-1000;m809,
m808;1;m809,
m809;-1000;
m809;1;
m810;0;
m810;1;
m810;2;
m811;0;
m811;1;
m812;0;
m812;1;
m813;0;m840,m841,
m813;1;m840,m841,
m814;0;m840,m841,
m814;1;m840,m841,
m815;0;m840,m841,
m815;1;m840,m841,
m816;0;m840,m841,
m816;1;m840,m841,
m817;0;m840,m841,
m817;1;m840,m841,
m818;0;m840,m841,
m818;1;m840,m841,
m819;0;m840,m841,
m819;1;m840,m841,
m820;0;m840,m841,
m820;1;m840,m841,
m821;0;m840,m841,
m821;1;m840,m841,
m822;0;m840,m841,
m822;1;m840,m841,
m823;0;m840,m841,
m823;1;m840,m841,
m824;0;m840,m841,
m824;1;m840,m841,
m825;0;m840,m841,
m825;1;m840,m841,
m826;0;m840,m841,
m826;1;m840,m841,
m827;0;m840,m841,
m827;1;m840,m841,
m828;0;m840,m841,
m828;1;m840,m841,
m829;0;m840,m841,
m829;1;m840,m841,
m830;0;m840,m841,
m830;1;m840,m841,
m831;0;m840,m841,
m831;1;m840,m841,
m832;0;m840,m841,
m832;1;m840,m841,
m833;0;m840,m841,
m833;1;m840,m841,
m834;0;m840,m841,
m834;1;m840,m841,
m835;0;m840,m841,
m835;1;m840,m841,
m836;0;m840,m841,
m836;1;m840,m841,
m837;0;m840,m841,
m837;1;m840,m841,
m838;0;m840,m841,
m838;1;m840,m841,
m839;0;m840,m841,
m839;1;m840,m841,
m840;1;m841,
m841;0;
m841;1;
m843;0;
m843;1;
m843;2;
m843;3;
m843;4;
m843;5;
m843;6;
m844;1;
m844;2;
m901;-1;
m901;0;
m901;1;
m901;2;
m901;3;
m1001;0;m1001,m1006,m1014,m1016,m1012,m1042,m1049,m1050,m1051,m1052,m1054,m1033,
m1001;99;m1001,m1006,m1014,m1016,m1012,m1042,m1049,m1050,m1051,m1052,m1054,m1033,
m1002;0;m1001,m1002,m1021,m1039,m1006,m1014,m1016,m1012,m1042,m1049,m1050,m1051,m1052,m1054,m1033,
m1002;99;m1001,m1002,m1021,m1039,m1006,m1014,m1016,m1012,m1042,m1049,m1050,m1051,m1052,m1054,m1033,
m1003;0;m1003,m1006,m1023,m1012,m1042,m1049,m1050,m1051,m1052,m1054,m1016,m1033,
m1003;99;m1003,m1006,m1023,m1012,m1042,m1049,m1050,m1051,m1052,m1054,m1016,m1033,
m1004;0;
m1004;1;
m1004;2;
m1004;3;
m1004;4;
m1004;5;
m1004;6;
m1004;7;
m1004;8;
m1005;-1;m1005,m1021,
m1005;0;m1005,m1021,
m1005;1;m1005,m1021,
m1006;0;m1006,m1012,m1042,m1049,m1050,m1051,m1052,m1054,
m1006;1;m1006,m1012,m1042,m1049,m1050,m1051,m1052,m1054,
m1007;0;
m1007;1;
m1007;2;
m1007;3;
m1007;4;
m1007;5;
m1007;6;
m1007;7;
m1007;8;
m1007;9;
m1007;10;
m1007;11;
m1007;12;
m1007;13;
m1008;0;m1008,m1012,m1021,m1022,m1037,m83,m1041,m1051,m1052,m1014,m1023,m1038,m1047,m1050,m1054,m1016,m320,m1049,m1033,m1015,
m1008;99;m1008,m1012,m1021,m1022,m1037,m83,m1041,m1051,m1052,m1014,m1023,m1038,m1047,m1050,m1054,m1016,m320,m1049,m1033,m1015,
m1009;0;m82,m83,m214,m901,m1009,m1012,m1021,m1022,m1048,m1051,m1052,m79,m80,m1014,m1023,m1038,m1047,m1050,m1054,m216,m1049,m320,m1016,m209,m1015,m1033,
m1009;1;m82,m83,m214,m901,m1009,m1012,m1021,m1022,m1048,m1051,m1052,m79,m80,m1014,m1023,m1038,m1047,m1050,m1054,m216,m1049,m320,m1016,m209,m1015,m1033,
m1009;2;m82,m83,m214,m901,m1009,m1012,m1021,m1022,m1048,m1051,m1052,m79,m80,m1014,m1023,m1038,m1047,m1050,m1054,m216,m1049,m320,m1016,m209,m1015,m1033,
m1010;0;m78,m83,m265,m1010,m1012,m1016,m1018,m1021,m1022,m1028,m1036,m1048,m1051,m1052,m1053,m1062,m1065,m317,m1014,m1023,m1038,m1047,m1050,m1054,m1033,m1060,m1063,m1064,m1068,m1049,m1066,m1015,m320,
m1010;1;m78,m83,m265,m1010,m1012,m1016,m1018,m1021,m1022,m1028,m1036,m1048,m1051,m1052,m1053,m1062,m1065,m317,m1014,m1023,m1038,m1047,m1050,m1054,m1033,m1060,m1063,m1064,m1068,m1049,m1066,m1015,m320,
m1010;2;m78,m83,m265,m1010,m1012,m1016,m1018,m1021,m1022,m1028,m1036,m1048,m1051,m1052,m1053,m1062,m1065,m317,m1014,m1023,m1038,m1047,m1050,m1054,m1033,m1060,m1063,m1064,m1068,m1049,m1066,m1015,m320,
m1010;3;m78,m83,m265,m1010,m1012,m1016,m1018,m1021,m1022,m1028,m1036,m1048,m1051,m1052,m1053,m1062,m1065,m317,m1014,m1023,m1038,m1047,m1050,m1054,m1033,m1060,m1063,m1064,m1068,m1049,m1066,m1015,m320,
m1010;4;m78,m83,m265,m1010,m1012,m1016,m1018,m1021,m1022,m1028,m1036,m1048,m1051,m1052,m1053,m1062,m1065,m317,m1014,m1023,m1038,m1047,m1050,m1054,m1033,m1060,m1063,m1064,m1068,m1049,m1066,m1015,m320,
m1010;5;m78,m83,m265,m1010,m1012,m1016,m1018,m1021,m1022,m1028,m1036,m1048,m1051,m1052,m1053,m1062,m1065,m317,m1014,m1023,m1038,m1047,m1050,m1054,m1033,m1060,m1063,m1064,m1068,m1049,m1066,m1015,m320,
m1010;6;m78,m83,m265,m1010,m1012,m1016,m1018,m1021,m1022,m1028,m1036,m1048,m1051,m1052,m1053,m1062,m1065,m317,m1014,m1023,m1038,m1047,m1050,m1054,m1033,m1060,m1063,m1064,m1068,m1049,m1066,m1015,m320,
m1011;0;m81,m83,m265,m1011,m1039,m1048,m1051,m1052,m2001,m79,m80,m1015,m1014,m1023,m1038,m1047,m1050,m1054,m1049,m2002,m320,m1016,m1033,
m1011;1;m81,m83,m265,m1011,m1039,m1048,m1051,m1052,m2001,m79,m80,m1015,m1014,m1023,m1038,m1047,m1050,m1054,m1049,m2002,m320,m1016,m1033,
m1011;99;m81,m83,m265,m1011,m1039,m1048,m1051,m1052,m2001,m79,m80,m1015,m1014,m1023,m1038,m1047,m1050,m1054,m1049,m2002,m320,m1016,m1033,
m1012;0;
m1012;1;
m1012;2;
m1012;3;
m1012;4;
m1014;0;m1014,m1016,m1033,
m1014;1;m1014,m1016,m1033,
m1015;1;
m1015;2;
m1015;3;
m1015;4;
m1015;5;
m1016;0;m1016,m1033,
m1016;1;m1016,m1033,
m1016;2;m1016,m1033,
m1016;3;m1016,m1033,
m1016;4;m1016,m1033,
m1016;5;m1016,m1033,
m1016;6;m1016,m1033,
m1016;7;m1016,m1033,
m1016;8;m1016,m1033,
m1016;9;m1016,m1033,
m1016;10;m1016,m1033,
m1017;0;m1031,m1032,
m1018;0;
m1018;1;
m1018;2;
m1018;3;
m1018;4;
m1019;0;m1011,m1016,m1019,m1021,m1023,m1047,m1062,m1065,m1068,m1069,m81,m83,m265,m1039,m1048,m1051,m1052,m2001,m1033,m1066,m79,m80,m1015,m1014,m1038,m1050,m1054,m1049,m2002,m320,
m1019;1;m1011,m1016,m1019,m1021,m1023,m1047,m1062,m1065,m1068,m1069,m81,m83,m265,m1039,m1048,m1051,m1052,m2001,m1033,m1066,m79,m80,m1015,m1014,m1038,m1050,m1054,m1049,m2002,m320,
m1019;2;m1011,m1016,m1019,m1021,m1023,m1047,m1062,m1065,m1068,m1069,m81,m83,m265,m1039,m1048,m1051,m1052,m2001,m1033,m1066,m79,m80,m1015,m1014,m1038,m1050,m1054,m1049,m2002,m320,
m1019;3;m1011,m1016,m1019,m1021,m1023,m1047,m1062,m1065,m1068,m1069,m81,m83,m265,m1039,m1048,m1051,m1052,m2001,m1033,m1066,m79,m80,m1015,m1014,m1038,m1050,m1054,m1049,m2002,m320,
m1019;4;m1011,m1016,m1019,m1021,m1023,m1047,m1062,m1065,m1068,m1069,m81,m83,m265,m1039,m1048,m1051,m1052,m2001,m1033,m1066,m79,m80,m1015,m1014,m1038,m1050,m1054,m1049,m2002,m320,
m1020;0;m81,m1008,m1020,m1048,m79,m80,m1015,m1012,m1021,m1022,m1037,m1049,m320,m83,m1041,m1051,m1052,m1014,m1023,m1038,m1047,m1050,m1054,m1016,m1033,
m1020;1;m81,m1008,m1020,m1048,m79,m80,m1015,m1012,m1021,m1022,m1037,m1049,m320,m83,m1041,m1051,m1052,m1014,m1023,m1038,m1047,m1050,m1054,m1016,m1033,
m1020;2;m81,m1008,m1020,m1048,m79,m80,m1015,m1012,m1021,m1022,m1037,m1049,m320,m83,m1041,m1051,m1052,m1014,m1023,m1038,m1047,m1050,m1054,m1016,m1033,
m1021;0;
m1021;1;
m1021;2;
m1021;3;
m1021;4;
m1022;-1;
m1022;0;
m1023;0;m1016,m1023,m1033,
m1023;1;m1016,m1023,m1033,
m1023;2;m1016,m1023,m1033,
m1023;3;m1016,m1023,m1033,
m1023;4;m1016,m1023,m1033,
m1023;5;m1016,m1023,m1033,
m1023;6;m1016,m1023,m1033,
m1023;7;m1016,m1023,m1033,
m1023;8;m1016,m1023,m1033,
m1023;9;m1016,m1023,m1033,
m1024;0;m78,m81,m265,m1008,m1016,m1018,m1024,m1048,m2002,m317,m79,m80,m1015,m1012,m1021,m1022,m1037,m1033,m1049,m320,m83,m1041,m1051,m1052,m1014,m1023,m1038,m1047,m1050,m1054,
m1024;1;m78,m81,m265,m1008,m1016,m1018,m1024,m1048,m2002,m317,m79,m80,m1015,m1012,m1021,m1022,m1037,m1033,m1049,m320,m83,m1041,m1051,m1052,m1014,m1023,m1038,m1047,m1050,m1054,
m1024;2;m78,m81,m265,m1008,m1016,m1018,m1024,m1048,m2002,m317,m79,m80,m1015,m1012,m1021,m1022,m1037,m1033,m1049,m320,m83,m1041,m1051,m1052,m1014,m1023,m1038,m1047,m1050,m1054,
m1024;3;m78,m81,m265,m1008,m1016,m1018,m1024,m1048,m2002,m317,m79,m80,m1015,m1012,m1021,m1022,m1037,m1033,m1049,m320,m83,m1041,m1051,m1052,m1014,m1023,m1038,m1047,m1050,m1054,
m1025;0;m78,m1011,m1016,m1025,m1063,m317,m81,m83,m265,m1039,m1048,m1051,m1052,m2001,m1033,m1015,m79,m80,m1014,m1023,m1038,m1047,m1050,m1054,m1049,m2002,m320,
m1025;1;m78,m1011,m1016,m1025,m1063,m317,m81,m83,m265,m1039,m1048,m1051,m1052,m2001,m1033,m1015,m79,m80,m1014,m1023,m1038,m1047,m1050,m1054,m1049,m2002,m320,
m1025;2;m78,m1011,m1016,m1025,m1063,m317,m81,m83,m265,m1039,m1048,m1051,m1052,m2001,m1033,m1015,m79,m80,m1014,m1023,m1038,m1047,m1050,m1054,m1049,m2002,m320,
m1025;3;m78,m1011,m1016,m1025,m1063,m317,m81,m83,m265,m1039,m1048,m1051,m1052,m2001,m1033,m1015,m79,m80,m1014,m1023,m1038,m1047,m1050,m1054,m1049,m2002,m320,
m1025;4;m78,m1011,m1016,m1025,m1063,m317,m81,m83,m265,m1039,m1048,m1051,m1052,m2001,m1033,m1015,m79,m80,m1014,m1023,m1038,m1047,m1050,m1054,m1049,m2002,m320,
m1026;0;m1008,m1026,m1048,m1012,m1021,m1022,m1037,m1049,m83,m1041,m1051,m1052,m1014,m1023,m1038,m1047,m1050,m1054,m1016,m320,m1033,m1015,
m1026;1;m1008,m1026,m1048,m1012,m1021,m1022,m1037,m1049,m83,m1041,m1051,m1052,m1014,m1023,m1038,m1047,m1050,m1054,m1016,m320,m1033,m1015,
m1026;2;m1008,m1026,m1048,m1012,m1021,m1022,m1037,m1049,m83,m1041,m1051,m1052,m1014,m1023,m1038,m1047,m1050,m1054,m1016,m320,m1033,m1015,
m1027;0;m81,m1008,m1027,m1048,m79,m80,m1015,m1012,m1021,m1022,m1037,m1049,m320,m83,m1041,m1051,m1052,m1014,m1023,m1038,m1047,m1050,m1054,m1016,m1033,
m1027;1;m81,m1008,m1027,m1048,m79,m80,m1015,m1012,m1021,m1022,m1037,m1049,m320,m83,m1041,m1051,m1052,m1014,m1023,m1038,m1047,m1050,m1054,m1016,m1033,
m1027;2;m81,m1008,m1027,m1048,m79,m80,m1015,m1012,m1021,m1022,m1037,m1049,m320,m83,m1041,m1051,m1052,m1014,m1023,m1038,m1047,m1050,m1054,m1016,m1033,
m1028;0;m1060,m1063,m1064,m1068,
m1028;1;m1060,m1063,m1064,m1068,
m1028;2;m1060,m1063,m1064,m1068,
m1028;3;m1060,m1063,m1064,m1068,
m1028;4;m1060,m1063,m1064,m1068,
m1028;5;m1060,m1063,m1064,m1068,
m1029;-1;
m1029;0;
m1029;1;
m1030;0;
m1030;1;
m1030;2;
m1030;3;
m1030;4;
m1031;-1;
m1031;1;
m1032;-1;
m1032;1;
m1033;0;
m1033;1;
m1033;2;
m1033;3;
m1033;4;
m1034;-1;m1034,m1043,m1009,m82,m83,m214,m901,m1012,m1021,m1022,m1048,m1051,m1052,m79,m80,m1014,m1023,m1038,m1047,m1050,m1054,m216,m1049,m320,m1016,m209,m1015,m1033,
m1034;0;m1034,m1043,m1009,m82,m83,m214,m901,m1012,m1021,m1022,m1048,m1051,m1052,m79,m80,m1014,m1023,m1038,m1047,m1050,m1054,m216,m1049,m320,m1016,m209,m1015,m1033,
m1035;-1;m1035,m1044,m1009,m82,m83,m214,m901,m1012,m1021,m1022,m1048,m1051,m1052,m79,m80,m1014,m1023,m1038,m1047,m1050,m1054,m216,m1049,m320,m1016,m209,m1015,m1033,
m1035;0;m1035,m1044,m1009,m82,m83,m214,m901,m1012,m1021,m1022,m1048,m1051,m1052,m79,m80,m1014,m1023,m1038,m1047,m1050,m1054,m216,m1049,m320,m1016,m209,m1015,m1033,
m1036;0;
m1036;1;
m1036;2;
m1036;3;
m1036;4;
m1036;5;
m1036;6;
m1037;0;m83,m1037,m1041,m1051,m1052,m1014,m1023,m1038,m1047,m1050,m1054,m1016,m320,m1049,m1033,m1015,
m1037;1;m83,m1037,m1041,m1051,m1052,m1014,m1023,m1038,m1047,m1050,m1054,m1016,m320,m1049,m1033,m1015,
m1037;99;m83,m1037,m1041,m1051,m1052,m1014,m1023,m1038,m1047,m1050,m1054,m1016,m320,m1049,m1033,m1015,
m1038;0;m320,m1038,m1049,m1015,
m1038;1;m320,m1038,m1049,m1015,
m1038;2;m320,m1038,m1049,m1015,
m1039;0;
m1039;1;
m1039;2;
m1039;3;
m1039;4;
m1039;5;
m1039;6;
m1039;7;
m1039;8;
m1041;1;
m1041;2;
m1041;3;
m1041;4;
m1041;5;
m1041;6;
m1041;99;
m1042;0;
m1042;1;
m1042;2;
m1042;3;
m1042;4;
m1043;0;m1009,m1043,m82,m83,m214,m901,m1012,m1021,m1022,m1048,m1051,m1052,m79,m80,m1014,m1023,m1038,m1047,m1050,m1054,m216,m1049,m320,m1016,m209,m1015,m1033,
m1043;1;m1009,m1043,m82,m83,m214,m901,m1012,m1021,m1022,m1048,m1051,m1052,m79,m80,m1014,m1023,m1038,m1047,m1050,m1054,m216,m1049,m320,m1016,m209,m1015,m1033,
m1043;2;m1009,m1043,m82,m83,m214,m901,m1012,m1021,m1022,m1048,m1051,m1052,m79,m80,m1014,m1023,m1038,m1047,m1050,m1054,m216,m1049,m320,m1016,m209,m1015,m1033,
m1044;0;m1009,m1044,m82,m83,m214,m901,m1012,m1021,m1022,m1048,m1051,m1052,m79,m80,m1014,m1023,m1038,m1047,m1050,m1054,m216,m1049,m320,m1016,m209,m1015,m1033,
m1044;1;m1009,m1044,m82,m83,m214,m901,m1012,m1021,m1022,m1048,m1051,m1052,m79,m80,m1014,m1023,m1038,m1047,m1050,m1054,m216,m1049,m320,m1016,m209,m1015,m1033,
m1044;2;m1009,m1044,m82,m83,m214,m901,m1012,m1021,m1022,m1048,m1051,m1052,m79,m80,m1014,m1023,m1038,m1047,m1050,m1054,m216,m1049,m320,m1016,m209,m1015,m1033,
m1045;0;m1063,m1064,m1065,m1066,
m1045;1;m1063,m1064,m1065,m1066,
m1045;2;m1063,m1064,m1065,m1066,
m1045;3;m1063,m1064,m1065,m1066,
m1045;4;m1063,m1064,m1065,m1066,
m1045;5;m1063,m1064,m1065,m1066,
m1046;0;
m1046;1;
m1046;2;
m1046;3;
m1046;4;
m1046;5;
m1046;6;
m1047;0;
m1047;1;
m1047;2;
m1047;3;
m1047;4;
m1047;5;
m1047;6;
m1048;-1;m1048,m1049,
m1048;0;m1048,m1049,
m1049;0;
m1049;1;
m1049;2;
m1049;3;
m1049;4;
m1049;5;
m1049;6;
m1049;7;
m1049;8;
m1049;9;
m1049;10;
m1049;11;
m1049;12;
m1049;13;
m1049;14;
m1049;15;
m1049;16;
m1050;0;
m1050;1;
m1050;2;
m1050;3;
m1050;4;
m1051;0;
m1051;1;
m1051;2;
m1051;3;
m1051;4;
m1051;5;
m1051;6;
m1051;7;
m1051;8;
m1051;9;
m1051;10;
m1051;11;
m1051;12;
m1051;13;
m1051;14;
m1051;15;
m1051;16;
m1052;0;
m1052;1;
m1052;2;
m1052;3;
m1052;4;
m1052;5;
m1052;6;
m1052;7;
m1052;8;
m1053;0;
m1053;1;
m1053;2;
m1053;3;
m1053;99;
m1054;0;
m1054;1;
m1054;2;
m1054;3;
m1054;4;
m1054;5;
m1054;6;
m1054;7;
m1054;8;
m1054;9;
m1054;10;
m1055;0;
m1055;1;
m1055;2;
m1055;3;
m1055;4;
m1055;5;
m1055;6;
m1055;7;
m1055;8;
m1056;0;
m1056;1;
m1056;2;
m1057;0;
m1057;1;
m1057;2;
m1057;3;
m1057;4;
m1057;5;
m1057;6;
m1058;0;
m1058;1;
m1058;2;
m1058;3;
m1058;4;
m1058;5;
m1058;6;
m1059;0;m1062,m1065,m1068,m1066,
m1059;1;m1062,m1065,m1068,m1066,
m1059;2;m1062,m1065,m1068,m1066,
m1059;3;m1062,m1065,m1068,m1066,
m1059;4;m1062,m1065,m1068,m1066,
m1060;0;
m1060;1;
m1060;2;
m1061;0;
m1061;1;
m1061;2;
m1062;-1;
m1062;0;
m1063;-1;
m1063;0;
m1064;-1;
m1064;0;
m1065;-1;m1066,
m1065;0;m1066,
m1065;1;m1066,
m1065;2;m1066,
m1065;3;m1066,
m1065;4;m1066,
m1066;0;
m1066;1;
m1066;2;
m1067;0;m1062,
m1067;1;m1062,
m1067;2;m1062,
m1067;3;m1062,
m1067;4;m1062,
m1067;5;m1062,
m1068;-1;
m1068;0;
m1068;1;
m1068;2;
m1068;3;
m1069;0;
m1069;1;
m1069;2;
m1069;3;
m1070;0;
m1070;1;
m1070;2;
m1070;3;
m1071;0;
m1071;1;
m1071;2;
m1071;3;
m1072;0;
m1072;1;
m1072;2;
m1072;3;
m1072;4;
m1072;5;
m1072;6;
m1105;0;
m1105;1;
m1105;2;
m1105;3;
m1106;0;
m1106;1;
m1106;2;
m1106;3;
m1106;4;
m1106;5;
m1107;0;
m1107;1;
m1107;2;
m1107;3;
m1108;0;
m1108;1;
m1108;2;
m1109;0;
m1109;1;
m1109;2;
m1110;0;
m1110;1;
m1110;2;
m1111;0;
m1111;1;
m1111;2;
m1112;0;
m1112;1;
m1112;2;
m1114;0;
m1114;1;
m1114;2;
m1115;0;
m1115;1;
m1115;2;
m1115;3;
m1115;4;
m1115;5;
m1115;6;
m1115;7;
m1116;0;
m1116;1;
m1116;2;
m1117;0;
m1117;1;
m1117;2;
m1118;0;
m1118;1;
m1118;2;
m1119;0;
m1119;1;
m1119;2;
m1120;0;
m1120;1;
m1120;2;
m1121;0;
m1121;1;
m1121;2;
m1122;0;
m1122;1;
m1122;2;
m1123;0;
m1123;1;
m1123;2;
m1124;0;
m1124;1;
m1124;2;
m1125;0;
m1125;1;
m1125;2;
m1126;0;
m1126;1;
m1126;2;
m1127;0;
m1127;1;
m1127;2;
m1130;0;
m1130;1;
m1130;2;
m1131;0;
m1131;1;
m1131;2;
m1132;0;
m1132;1;
m1132;2;
m1133;0;
m1133;1;
m1133;2;
m1134;0;
m1134;1;
m1134;2;
m1135;0;
m1135;1;
m1135;2;
m1136;0;
m1136;1;
m1136;2;
m1137;0;
m1137;1;
m1137;2;
m1138;0;
m1138;1;
m1138;2;
m1139;0;
m1139;1;
m1139;2;
m1140;0;
m1140;1;
m1140;2;
m1144;0;
m1144;1;
m1144;2;
m1144;3;
m1144;4;
m1144;5;
m1144;6;
m1144;7;
m1144;8;
m1144;9;
m1144;10;
m1144;11;
m1144;12;
m1144;13;
m1144;14;
m1144;15;
m1144;16;
m1145;0;
m1145;1;
m1145;2;
m1145;3;
m1145;4;
m1145;5;
m1145;6;
m1145;7;
m1145;8;
m1145;9;
m1145;10;
m1145;11;
m1145;12;
m1145;13;
m1145;14;
m1145;15;
m1145;16;
m1151;0;
m1151;1;
m1151;2;
m1151;3;
m1152;0;
m1152;1;
m1152;2;
m1153;0;
m1153;1;
m1153;2;
m1154;0;
m1154;1;
m1154;2;
m1155;0;
m1155;1;
m1155;2;
m1156;0;
m1156;1;
m1156;2;
m1156;3;
m1156;4;
m1158;0;
m1158;1;
m1158;2;
m1158;3;
m1158;4;
m1158;5;
m1158;6;
m1158;7;
m1158;8;
m1158;9;
m1158;10;
m1158;11;
m1158;12;
m1158;13;
m1162;0;
m1162;1;
m1162;2;
m1162;3;
m1163;0;m1164,
m1163;1;m1164,
m1163;2;m1164,
m1164;0;
m1164;1;
m2000;1;
m2001;1;m2001,m2002,
m2001;2;m2001,m2002,
m2002;1;
m2002;2;
m2002;3;
m2101;-1;m2108,m2109,
m2101;0;m2108,m2109,
m2101;2;m2108,m2109,
m2101;4;m2108,m2109,
m2102;-1;m2108,m2109,
m2102;0;m2108,m2109,
m2102;4;m2108,m2109,
m2103;-1;m2108,m2109,
m2103;0;m2108,m2109,
m2103;2;m2108,m2109,
m2103;4;m2108,m2109,
m2104;-1;m2108,m2109,
m2104;0;m2108,m2109,
m2104;2;m2108,m2109,
m2104;4;m2108,m2109,
m2105;-1;m2108,m2109,
m2105;0;m2108,m2109,
m2105;4;m2108,m2109,
m2106;-1;m2108,m2109,
m2106;0;m2108,m2109,
m2106;2;m2108,m2109,
m2106;4;m2108,m2109,
m2107;-1;m2108,m2109,
m2107;0;m2108,m2109,
m2107;2;m2108,m2109,
m2107;4;m2108,m2109,
m2108;-1;m2109,
m2108;0;m2109,
m2109;0;
m2109;1;
m2109;2;
m2109;3;
m2111;0;m2117,
m2111;1;m2117,
m2111;2;m2117,
m2111;3;m2117,
m2112;0;m2117,
m2112;1;m2117,
m2112;2;m2117,
m2112;3;m2117,
m2113;0;m2117,
m2113;1;m2117,
m2113;2;m2117,
m2113;3;m2117,
m2114;0;m2117,
m2114;1;m2117,
m2114;2;m2117,
m2114;3;m2117,
m2115;0;m2117,
m2115;1;m2117,
m2115;2;m2117,
m2115;3;m2117,
m2117;0;
m2117;1;
m2117;2;
m2117;3;
m2117;4;
m2117;5;
m2117;6;
m2118;0;
m5001;0;m5040,
m5001;1;m5040,
m5001;2;m5040,
m5001;3;m5040,
m5001;4;m5040,
m5001;5;m5040,
m5002;0;m5035,
m5002;1;m5035,
m5002;2;m5035,
m5002;3;m5035,
m5002;4;m5035,
m5002;5;m5035,
m5003;0;m5038,
m5003;1;m5038,
m5003;2;m5038,
m5003;3;m5038,
m5003;4;m5038,
m5003;5;m5038,
m5004;0;m5036,
m5004;1;m5036,
m5004;2;m5036,
m5004;3;m5036,
m5004;4;m5036,
m5004;5;m5036,
m5005;0;m5036,
m5005;1;m5036,
m5005;2;m5036,
m5005;3;m5036,
m5005;4;m5036,
m5005;5;m5036,
m5006;0;m5035,
m5006;1;m5035,
m5006;2;m5035,
m5006;3;m5035,
m5006;4;m5035,
m5006;5;m5035,
m5007;0;m5037,
m5007;1;m5037,
m5007;2;m5037,
m5007;3;m5037,
m5007;4;m5037,
m5007;5;m5037,
m5008;0;m5035,
m5008;1;m5035,
m5008;2;m5035,
m5008;3;m5035,
m5008;4;m5035,
m5008;5;m5035,
m5009;0;m5037,
m5009;1;m5037,
m5009;2;m5037,
m5009;3;m5037,
m5009;4;m5037,
m5009;5;m5037,
m5010;0;m41,m5041,
m5010;1;m41,m5041,
m5010;2;m41,m5041,
m5010;3;m41,m5041,
m5010;4;m41,m5041,
m5010;5;m41,m5041,
m5011;0;m5039,
m5011;1;m5039,
m5011;2;m5039,
m5011;3;m5039,
m5011;4;m5039,
m5011;5;m5039,
m5012;0;m5037,
m5012;1;m5037,
m5012;2;m5037,
m5012;3;m5037,
m5012;4;m5037,
m5012;5;m5037,
m5013;0;m5040,
m5013;1;m5040,
m5013;2;m5040,
m5013;3;m5040,
m5013;4;m5040,
m5013;5;m5040,
m5014;0;m5035,
m5014;1;m5035,
m5014;2;m5035,
m5014;3;m5035,
m5014;4;m5035,
m5014;5;m5035,
m5015;0;m41,m5041,
m5015;1;m41,m5041,
m5015;2;m41,m5041,
m5015;3;m41,m5041,
m5015;4;m41,m5041,
m5015;5;m41,m5041,
m5016;0;m5037,
m5016;1;m5037,
m5016;2;m5037,
m5016;3;m5037,
m5016;4;m5037,
m5016;5;m5037,
m5017;0;m5040,
m5017;1;m5040,
m5017;2;m5040,
m5017;3;m5040,
m5017;4;m5040,
m5017;5;m5040,
m5018;0;m5038,
m5018;1;m5038,
m5018;2;m5038,
m5018;3;m5038,
m5018;4;m5038,
m5018;5;m5038,
m5019;0;m5036,
m5019;1;m5036,
m5019;2;m5036,
m5019;3;m5036,
m5019;4;m5036,
m5019;5;m5036,
m5020;0;m5038,
m5020;1;m5038,
m5020;2;m5038,
m5020;3;m5038,
m5020;4;m5038,
m5020;5;m5038,
m5021;0;m5039,
m5021;1;m5039,
m5021;2;m5039,
m5021;3;m5039,
m5021;4;m5039,
m5021;5;m5039,
m5022;0;m5036,
m5022;1;m5036,
m5022;2;m5036,
m5022;3;m5036,
m5022;4;m5036,
m5022;5;m5036,
m5023;0;m5035,
m5023;1;m5035,
m5023;2;m5035,
m5023;3;m5035,
m5023;4;m5035,
m5023;5;m5035,
m5024;0;m5038,
m5024;1;m5038,
m5024;2;m5038,
m5024;3;m5038,
m5024;4;m5038,
m5024;5;m5038,
m5025;0;m5039,
m5025;1;m5039,
m5025;2;m5039,
m5025;3;m5039,
m5025;4;m5039,
m5025;5;m5039,
m5026;0;m5039,
m5026;1;m5039,
m5026;2;m5039,
m5026;3;m5039,
m5026;4;m5039,
m5026;5;m5039,
m5027;0;m41,m5041,
m5027;1;m41,m5041,
m5027;2;m41,m5041,
m5027;3;m41,m5041,
m5027;4;m41,m5041,
m5027;5;m41,m5041,
m5028;0;m5040,
m5028;1;m5040,
m5028;2;m5040,
m5028;3;m5040,
m5028;4;m5040,
m5028;5;m5040,
m5029;0;m5036,
m5029;1;m5036,
m5029;2;m5036,
m5029;3;m5036,
m5029;4;m5036,
m5029;5;m5036,
m5030;0;m41,m5041,
m5030;1;m41,m5041,
m5030;2;m41,m5041,
m5030;3;m41,m5041,
m5030;4;m41,m5041,
m5030;5;m41,m5041,
m5031;0;m5040,
m5031;1;m5040,
m5031;2;m5040,
m5031;3;m5040,
m5031;4;m5040,
m5031;5;m5040,
m5032;0;m5035,
m5032;1;m5035,
m5032;2;m5035,
m5032;3;m5035,
m5032;4;m5035,
m5032;5;m5035,
m5033;0;m5037,
m5033;1;m5037,
m5033;2;m5037,
m5033;3;m5037,
m5033;4;m5037,
m5033;5;m5037,
m5034;0;m5037,
m5034;1;m5037,
m5034;2;m5037,
m5034;3;m5037,
m5034;4;m5037,
m5034;5;m5037,
m5035;-1;
m5035;1;
m5036;-1;
m5036;1;
m5037;-1;
m5037;1;
m5038;-1;
m5038;1;
m5039;-1;
m5039;1;
m5040;-1;
m5040;1;
m5041;-1;
m5041;1;
m99999;1;
m99999;2;
